ID,Job Title,Email Address,FirstName LastName
57bac0af-d199-4fd8-b830-90cdd55583ff,Physician,Percy_Chapman1630@ag5wi.store,Percy Chapman
b153617f-f7a9-4345-9290-921f0b17a0ce,IT Support Staff,Nancy_Walker8528@cdpfn.host,Nancy Walker
eb9cd4f8-29d4-43d3-a057-eb9d660d6964,Pharmacist,Freya_Upton8989@gnjps.website,Freya Upton
429630bf-a494-40b3-b0ae-a931533904b6,Dentist,Chloe_Moran1814@cke3u.club,Chloe Moran
0e86d96a-dc8e-4370-ad55-0bf9c72681a3,Insurance Broker,Martin_King3338@bcfhs.center,Martin King
30a6d0f7-9ffd-4c2e-8ad4-37770e3a19cf,Healthcare Specialist,Doug_Webster4565@dbxli.biz,Doug Webster
d2b7eedd-a9c2-47df-ab1d-b6fc192b1e24,Clerk,Maia_Groves5688@voylg.solutions,Maia Groves
33a028cf-e17e-4b29-8098-7bf84d9e28c0,HR Coordinator,Mina_Warner2289@6ijur.store,Mina Warner
a613878f-b7b2-41a3-844e-c7a14bfd7659,Staffing Consultant,Carissa_Simpson772@ohqqh.website,Carissa Simpson
ffb26db4-757a-4996-a0f1-0439f181daae,Accountant,Sadie_Sinclair1551@chkzl.page,Sadie Sinclair
c9a1b783-58fc-4664-abc2-19de490042ca,Ambulatory Nurse,Louise_Wills1783@xqj6f.catering,Louise Wills
acd89531-477c-49b7-b5aa-e52f7b275dae,Baker,Roger_Irving347@lyvnc.info,Roger Irving
befca3c4-1a0c-4e04-8214-c847dd8ec82a,Investment  Advisor,Boris_Gilmour5181@xtwt3.directory,Boris Gilmour
8d486210-0138-4770-a720-745db67e6ae4,Operator,Barney_Franks6935@d9un8.business,Barney Franks
343f3725-6b2c-44df-9776-38591dabc3b5,Bookkeeper,Marilyn_Drew6393@jh02o.catering,Marilyn Drew
eb623587-f587-4962-8551-deb749190631,Chef Manager,Tom_Hamilton241@ptr6k.catering,Tom Hamilton
38691a61-65c8-446f-9b15-bdb55e580f50,Project Manager,Melody_Vaughn2766@kyb7t.press,Melody Vaughn
e934361e-fb61-42c1-afaf-45ca265e2679,Machine Operator,Luke_Collins4212@d9un8.directory,Luke Collins
8e178f5b-40c4-40a6-9118-3753fa5d3b0b,Service Supervisor,Gina_Woodcock8486@yfxpw.club,Gina Woodcock
b58dbad1-9b6f-411d-b15b-daa7b1a60f63,Loan Officer,Valerie_Ashwell9324@iscmr.shop,Valerie Ashwell
d5f45e34-43c5-4455-a9c7-bf34fabf1af5,Bookkeeper,Alison_Palmer7215@ohqqh.net,Alison Palmer
45f000ad-b607-4eec-8699-bdeb8b0e3aa6,Machine Operator,Bryon_Simmons1865@cdpfn.info,Bryon Simmons
98d83577-b882-4026-ab66-362bdf969fab,Global Logistics Supervisor,Stephanie_Ianson2651@gnjps.host,Stephanie Ianson
06111cd2-f41b-475b-a2a3-85826ca2785d,HR Coordinator,Benny_Furnell4224@bqkv0.edu,Benny Furnell
2f2dc708-089a-4a98-8f5b-dff8577ffa42,Designer,Selena_Keys1007@iaart.club,Selena Keys
83c5c80b-1266-4e70-bcff-ffbe4e837a66,Front Desk Coordinator,Marvin_Mooney5293@mpibr.auction,Marvin Mooney
1ba07f48-499f-4dec-869d-54fcc6e409f5,Machine Operator,Valentina_Newman8317@yvu30.edu,Valentina Newman
7b6e4322-85eb-4ea9-b363-cf0c10b76429,Chef Manager,Shay_Paterson3663@hepmv.store,Shay Paterson
c29a3cf9-d8c4-47aa-bb09-2b31f86defb4,Staffing Consultant,Jaylene_Wigley3678@dvqq2.tech,Jaylene Wigley
f2c61f46-9aeb-4790-a3b0-dbcd0eff1b94,Executive Director,Leilani_Spencer6598@yfxpw.us,Leilani Spencer
82f3b9b3-e222-4cf5-a1c5-e5e5b10c52c7,Call Center Representative,Clint_Thorne6023@cke3u.solutions,Clint Thorne
c919c23e-1eca-4c2a-828e-2e46a41fafbe,Staffing Consultant,Clint_Mason6624@lhp4j.host,Clint Mason
6d605f42-1277-48dc-a878-5a9b94c587d2,Physician,Ron_Upsdell579@bcfhs.site,Ron Upsdell
df989ceb-1dbb-434f-b30d-1567bfa6ba36,Stockbroker,Alma_Morris1760@uagvw.page,Alma Morris
2c2152c8-5bb5-4279-abb3-d7a27d724507,Food Technologist,Ruth_Smith797@xqj6f.com,Ruth Smith
edf65758-68df-447e-9ea7-7a591f7bfa8c,Software Engineer,Eduardo_Stewart2046@zynuu.auction,Eduardo Stewart
a10609ff-c174-4f07-962b-087b73628a1b,Treasurer,Danny_Vallory1645@dbxli.software,Danny Vallory
61cea970-e159-4926-82b1-23ffa6e26e0c,Ambulatory Nurse,Karla_Varley9851@uagvw.media,Karla Varley
e645eb1c-54ef-4d8f-91b0-0c561d7cf9aa,Laboratory Technician,Ryan_Bright1579@jh02o.website,Ryan Bright
8d9c16d7-8b20-4057-9a7a-7860aafe7cbd,Banker,Luke_Price5480@dvqq2.business,Luke Price
d48e9900-1024-4cf6-8082-61cfd7d23831,Global Logistics Supervisor,Eileen_Egerton1410@mpibr.org,Eileen Egerton
33171c05-ff00-4ca1-8023-15e5d758751f,Executive Director,Alice_Jacobs2918@1wa8o.software,Alice Jacobs
f259f5ab-2503-4ec1-9cb5-c93245cd8611,Doctor,Destiny_Flack3759@ag5wi.directory,Destiny Flack
7b1791f2-0283-40be-94e0-2ea577fe8fa0,Front Desk Coordinator,Bryon_Brett9746@ckzyi.property,Bryon Brett
52925908-cacc-41f8-a709-8178543bedf1,Cash Manager,Carl_Uttridge6070@jh02o.online,Carl Uttridge
c013b6e0-818a-4c95-b4d6-6a31f66c5673,Baker,Angelina_Lambert7432@bu2lo.com,Angelina Lambert
beb0dc68-adf8-4db0-8a07-3551a91d0ecd,Laboratory Technician,Luke_Addis838@iscmr.space,Luke Addis
34fed9db-789d-40b2-9b8b-32b76e7ba747,Operator,Rowan_Miller8776@lhp4j.store,Rowan Miller
acbd25ca-0d0d-4966-9a46-5b3a754709dc,Biologist,Erick_Mcnally7022@kyb7t.app,Erick Mcnally
f1dee5b2-9acb-457f-90b4-7e77fe69a24f,Design Engineer,Domenic_Phillips9254@hepmv.host,Domenic Phillips
477b3a22-f9d4-4a25-8bc8-2f840829a758,Stockbroker,Leroy_Olivier6386@avn7d.website,Leroy Olivier
91959d94-02f5-4603-936c-575c7dfe7b35,Loan Officer,Natalie_Underhill3059@d9un8.app,Natalie Underhill
674b57db-6460-4dfa-9153-91c0473da099,Call Center Representative,Chad_Reese8640@dvqq2.store,Chad Reese
b72fa9d0-0f63-42ec-b31f-84e7f49b35b0,Banker,Ron_Farmer2375@ds59r.digital,Ron Farmer
8580cef6-bfa8-4ba4-b3ec-6f2ae99f700d,Bellman,Hank_Lynch8966@yfxpw.org,Hank Lynch
29833db8-e11b-46d1-8aa1-c3cacef57c80,Associate Professor,Bob_Victor7949@voylg.app,Bob Victor
a78ab17a-269f-4633-9ff7-07745c8585d4,Biologist,Monica_Wilton8164@lhp4j.business,Monica Wilton
806710f3-5261-4ae4-9d60-7f0071ec4022,Inspector,Nancy_Russell2721@fhuux.us,Nancy Russell
d4af0ef1-4d9d-41e5-a7a5-ce669965d7b9,Clerk,Naomi_Bentley5455@qu9ml.ca,Naomi Bentley
673e4b89-e584-49d2-aac7-3f9652561871,Food Technologist,Boris_Andrews6195@iscmr.center,Boris Andrews
df519ad5-87e1-4d0a-8bd9-408fd49a9500,Auditor,Melinda_Latham9815@cdpfn.digital,Melinda Latham
9c75efaf-9d42-4e06-a37c-c55aa618d1fe,Health Educator,Catherine_Lynn6489@ohqqh.design,Catherine Lynn
8ccc1c12-9431-4a08-a721-1eba39c16aa3,Doctor,Barney_Fleming2788@1wa8o.app,Barney Fleming
ec838e6b-f4ee-4eac-81e8-437cba088a16,Banker,Alexander_Ebden636@fhuux.software,Alexander Ebden
1bd94c24-99be-47c4-90c8-97b907f8434f,Mobile Developer,Ramon_Norman7028@y96lx.store,Ramon Norman
ba55e849-e68b-425e-860f-80f47ea1123c,IT Support Staff,Kieth_Nanton5635@ohqqh.autos,Kieth Nanton
c138a220-e1e9-4921-ba57-c043d6ff4f03,Banker,Ramon_Warren312@ptr6k.press,Ramon Warren
c8250dc1-af20-4823-ae5e-9f3eb80c3eea,Call Center Representative,Samara_Tobin5181@yahoo.auction,Samara Tobin
1af6199c-83cb-4d18-b841-f1d596f78672,Software Engineer,Elly_Dallas4260@v1wn5.tech,Elly Dallas
fc11572e-6453-4145-a1e0-e20bceb0978d,Software Engineer,Wade_Emmett5111@1wa8o.digital,Wade Emmett
047c4fba-f7a4-4a2c-965a-766ecdbf4920,Business Broker,Bryon_Vane7135@d9un8.property,Bryon Vane
bad50070-f178-4561-be12-a04a7c8782ba,Service Supervisor,Denny_London3200@bcfhs.services,Denny London
4a6962ba-b35a-4a9e-a104-bbbe577aa757,Retail Trainee,Manuel_Logan2866@nb44i.design,Manuel Logan
18561417-8796-4701-98e7-d843d5cf268d,Designer,Paige_Seymour8268@karnv.store,Paige Seymour
8d33eeb7-234f-42d0-8a70-4f831fcfde4a,Insurance Broker,Anthony_Donnelly5917@jcf8v.name,Anthony Donnelly
6195590f-4c59-424b-b634-3a349ea7d6f6,IT Support Staff,Miriam_May6765@v1wn5.business,Miriam May
3e2afc19-1095-4d4a-b6a1-258c5964a114,IT Support Staff,Hannah_Barrett2579@zynuu.host,Hannah Barrett
042c24cf-371e-4d9a-9ce7-37a0fe8f7eda,Baker,Lily_Ventura2051@gnjps.host,Lily Ventura
e6690db4-58b1-4117-860f-a5746847d71c,Inspector,Madelyn_Needham7133@avn7d.zone,Madelyn Needham
9fe981ef-4691-47fb-8c7d-93e65c161a76,Health Educator,Clint_Parker1622@zynuu.video,Clint Parker
ed2d689f-c08d-4cf5-958a-72d14240939d,Doctor,Eryn_Cowan3416@cdpfn.name,Eryn Cowan
d444abe6-2e77-4547-b28b-883e5c0f6b26,Staffing Consultant,William_Purvis367@3wbkp.press,William Purvis
8377447c-4eec-4229-8ecb-fbdc6e68984b,Web Developer,Mark_Brown8771@ohqqh.website,Mark Brown
be52ced0-f113-4e79-bb63-e96d6928d50f,Project Manager,Daniel_Roth462@v1wn5.tech,Daniel Roth
5feddab6-a179-47ca-95b4-1c6077bc368b,Baker,Jacob_Dowson9963@d9un8.tech,Jacob Dowson
1cf933b8-6403-433c-885e-c86e14d0846d,Baker,Rose_Reid8002@gnjps.info,Rose Reid
47d72af0-7d44-4ead-9f15-3a32b4429942,Mobile Developer,Jaylene_Flynn8308@karnv.zone,Jaylene Flynn
e50cf5c3-bace-4699-96e5-58c7ff5d507f,Doctor,Penny_Emmott7749@1wa8o.store,Penny Emmott
efd3e7f8-2b5c-44f6-870d-87d5d2104fb0,IT Support Staff,Owen_Smith8890@mpibr.audio,Owen Smith
679f27a5-ca36-4a83-ac60-6f9ce672d1ff,Software Engineer,Elise_Nurton7774@cdpfn.store,Elise Nurton
15c542a1-5aef-4479-9cce-8c7a638f3ff7,Electrician,Caleb_Pierce1351@ptr6k.name,Caleb Pierce
6bbdca8c-70b8-4309-b8f2-6ecfce9ae159,Production Painter,Jayden_Mullins3668@bcfhs.services,Jayden Mullins
24a69637-f6ec-4652-baf8-25ac51dccec0,Project Manager,Norah_Boden8035@xqj6f.host,Norah Boden
6d543ce0-6eae-4141-a1a4-2c0d722bdde6,CNC Operator,Carrie_Tyrrell6050@d9un8.shop,Carrie Tyrrell
958b1561-b440-4dc1-8553-0c72f1517631,Operator,Vivian_Richardson7461@iaart.online,Vivian Richardson
bf49dfba-b531-4e9f-bd31-3398e7de43f1,Stockbroker,Bristol_Wood3999@v1wn5.net,Bristol Wood
e1da1557-b5ab-4a3f-ba96-e6da8dc7c28e,Front Desk Coordinator,Roger_Malone3455@lyvnc.business,Roger Malone
ff772e21-c69f-4d9c-b74c-1f2cfab70ea8,Software Engineer,Skylar_Mackenzie6917@iscmr.space,Skylar Mackenzie
859cff8c-ac73-4879-8a90-38e5bd0f6ec7,Inspector,Gwenyth_Norburn7918@ds59r.website,Gwenyth Norburn
6f366645-e7ff-4b76-9ddc-5d033e731a12,Software Engineer,Daphne_Reid5168@6ijur.mobi,Daphne Reid

